Arista Di Suino A Fette,5.49,Eurospin
La Bottega del Gusto Salame Milano 150 G(ml),0.99,Eurospin
Delizie dal Sole Passata Di Pomodoro 700 G(ml),0.49,Eurospin
Ondina Code Di Gamberi Argentini Sgusciate,3.99,Eurospin
Tre Mulini 3 Super Tranci Margherita 1200 G(ml),2.99,Eurospin
La Bottega del Gusto Mortadella A Fette 150 G(ml),0.75,Eurospin
Amo essere senza lattosio Latte Alta Digeribilità A Lunga Conservazione,0.79,Eurospin
Tre Mulini Gnocchi Di Patate,0.79,Eurospin
Pascoli Italiani Yogurt Da Bere Parzialmente Scremato Carota Arancia Limone 200 G(ml),0.45,Eurospin
Pascoli Italiani Mozzarella Di Bufala Campana DOP,2.49,Eurospin
Delizie dal Sole Riso Fino Basmati 2000 G(ml),2.89,Eurospin
Tre Mulini Fusilli 1000 G(ml),0.89,Eurospin
Collina d'oro Olio Di Semi Di Girasole 1000 G(ml),1.35,Eurospin
Delizie Del Sole - Ceci 400 G(ml),0.29,Eurospin
Athena Tonno All'olio Vegetale 320 G,1.79,Eurospin
Tre Mulini Pan Bauletto 400 G(ml),0.59,Eurospin
Mambo kids Classiche 300 G(ml),0.75,Eurospin
Don jerez Classico 250 G(ml),2.19,Eurospin
Dolciando Croissant Con Farcitura Alla Ciliegia 500 G(ml),1.25,Eurospin
Puertosol Succo Arancia 100% 1000 G(ml),0.79,Eurospin
Dexal Detergente Piatti Aceto/ Limone,0.79,Eurospin
Soft Dream Carta Igienica La Delicata,2.29,Eurospin
Dexal Sacco Ricarica Marsiglia,3.69,Eurospin
Pascoli Italiani Burrata 200 G,1.69,Eurospin
Tobias Wurstel Con Pollo E Tacchino Senza Pelle 250 G(ml),0.45,Eurospin
Pascoli Italiani Provolone Valpadana Piccante 250 G(ml),1.59,Eurospin
La Bottega del Gusto Salame Dolce A Macina Grossa 500 G,2.99,Eurospin
Delizie dal Sole Pesto Alla Mediterranea 130 G,0.99,Eurospin
Pascoli Italiani Parmigiano Reggiano Dop Snack 119 G,1.99,Eurospin
Land Dolcetto Mascarpone E Gorgonzola 200 G(ml),1.49,Eurospin
Pascoli Italiani Mozzarella Per Pizza 400 G,1.99,Eurospin
Land La Merenda Formaggio E Grissini,1.39,Eurospin
Tre Mulini Tortelloni Ricotta E Spinaci 1000 G(ml),1.79,Eurospin
Tre Mulini Pasta Sfoglia Fresca,0.59,Eurospin
Speck Stagionato 100 G,1.99,Eurospin
Tre Mulini Tramezzini Misti 140 G,0.99,Eurospin
Spianata Piccante Calabrese 100 G,1.69,Eurospin
Land Bifidus Fibre,0.55,Eurospin
Tre Mulini Girasoli Al Gorgonzola Dop E Noci 250 G,1.99,Eurospin
Land Pathos Yogurt Colato Greco Vaniglia 150 G(ml),0.69,Eurospin
Delizie dal Sole Funghi Porcini Secchi 30 G(ml),1.29,Eurospin
Don jerez Zafferano,0.99,Eurospin
Athena Filetti Di Sgombro All'Olio Vegetale 125 G(ml),0.79,Eurospin
Variagusto Insalatina Di Verdure In Agrodolce 300 G,0.55,Eurospin
Variagusto Cipolle Borettane In Agrodolce 565 G,0.99,Eurospin
Variagusto Capperi All'aceto Di Vino 210 G,0.75,Eurospin
Athena Tonno In Tranci All'Olio Di Oliva 620 G(ml),3.99,Eurospin
Dolciando Frollini Con Cacao E Nocciole Senza Olio Di Palma 700 G(ml),1.29,Eurospin
Dolciando Wafer Cacao Senza Olio Di Palma 300 G(ml),0.59,Eurospin
Dolciando Cioccolato Extra Fondente 500 G(ml),1.59,Eurospin
Dolciando Choco Sticks 150 G(ml),0.79,Eurospin
Dolciando Farci Milk 280 G(ml),0.79,Eurospin
Treccia Alla Crema Pasticcera Con Gocce Di Cioccolato 400 G,1.39,Eurospin
Spinclass Chewing Gum Extra Fresh Barattolo,2.39,Eurospin
Dolciando Caramelle Ripiene Alla Menta 400 G(ml),0.79,Eurospin
Puertosol Sete Di Frutta Con Frutti Rossi 1000 G(ml),0.69,Eurospin
"Soft Dream Fazzoletti Delicati 4 Veli, 30 X10 Pz",1.59,Eurospin
Nero D'Avola Sicilia Doc,2.39,Eurospin
"Soft Dream Tovaglioli Space Monovelo, 450 Pz",1.69,Eurospin
"Soft Dream Asciugatutto 3 Rotoli, 3 Veli",1.39,Eurospin
"Traversa Salvaletto, 15 Pz",4.49,Eurospin
Dexal Detersivo Liquido Lavalana/ Delicato,1.19,Eurospin
"Dexal Detersivo Classico Superbiancco, 42 Lavaggi",2.49,Eurospin
Dexal Monodosi Lavatrice,2.99,Eurospin
Dexal Ammorbidente,0.79,Eurospin
Dexal Gel Anticalcare Lavatrice,1.19,Eurospin
Dexal Sgrassatore Spray Profumo Di Limone,0.99,Eurospin
Dexal Lavapavimenti Classico/ Bicarbonato,0.99,Eurospin
Delizie dal Sole Piselli Fini 1000 G(ml),1.39,Eurospin
Oro Dei Boschi Funghi Porcini Interi,2.99,Eurospin
Delizie dal Sole Minestrone 14 Verdure Surgelate 1500 G(ml),1.39,Eurospin
Delizie dal Sole Patatine Da Forno,0.99,Eurospin
Athena Filetti Di Merluzzo Atlantico 1000 G(ml),4.79,Eurospin
Athena Zuppa Pronta Di Pesce E Frutti Di Mare Surgelata 500 G(ml),3.69,Eurospin
Athena Sugo Ai Frutti Di Mare 300 G(ml),1.99,Eurospin
Ondina Anelli E Ciuffi Di Calamaro Patagonico,3.99,Eurospin
Tre Mulini Ravioli Al Pomodoro E Basilico 550 G(ml),1.99,Eurospin
Delizie dal Sole Vellutata Di Zucca E Carote 600 G(ml),1.39,Eurospin
Hamburger Di Bovino,2.99,Eurospin
Dolciando Tronchetto Cioccolato E Vaniglia 320 G(ml),1.19,Eurospin
Finocchi,0.99,Eurospin
Foglia verde Le Pronte Da Cuocere Spinaci 500 G(ml),1.29,Eurospin
Mister sibamba Nocciole Sgusciate Tostate E Pelate 100 G(ml),1.29,Eurospin
Mister sibamba Arachidi In Guscio Tostate,1.49,Eurospin
Mister sibamba Mandorle Sgusciate,1.99,Eurospin
Noci,3.99,Eurospin
Mele Golden Delicious,0.99,Eurospin
Broccoletti,0.99,Eurospin
Funghi Champignon,2.49,Eurospin
Fettine Di Coscia Di Suino,5.99,Eurospin
Braciole Di Lombo Di Suino,4.99,Eurospin
Macinato Di Suino,4.99,Eurospin
Spiedini Di Suino,5.99,Eurospin
Salsiccia E Luganega,5.49,Eurospin
Polpa Spalla Di Suino,4.49,Eurospin
Alpenspitz Spàtzle Con Panna E Speck,2.49,Eurospin
Alpenspitz Brezel Cotto,1.49,Eurospin
Alpenspitz Stinco Arrosto,4.49,Eurospin
Alpenspitz Servelade 340 G(ml),2.59,Eurospin
Alpenspitz Formaggio Grana Padano Dop Tipologia Trentingrana,2.99,Eurospin
Alpenspitz Carne Salada,2.49,Eurospin
Alpenspitz Tagliere,5.99,Eurospin
Alpenspitz Latte Pastprizzato Intero,1.49,Eurospin
Alpenspitz Yogurt Intero,2.49,Eurospin
Alpenspitz Pizzoccheri Della Valtellina Igp 250 G,1.49,Eurospin
Alpenspitz Tilsiter A Fette,1.19,Eurospin
Alpenspitz Canederli Agli Spinaci 320 G(ml),3.29,Eurospin
Alpenspitz Crauti Con Olio Extra-Vergine Di Oliva 385 G(ml),0.79,Eurospin
Alpenspitz Confettura Extra More 340 G(ml),1.99,Eurospin
Alpenspitz Barbabietole Rosse In Agrodolce,1.29,Eurospin
Alpenspitz Pagnotta Ai Cereali 400 G,1.39,Eurospin
Alpenspitz Pretzel Ricoperti Con Cioccolato Al Latte 140 G,1.49,Eurospin
Bombardina - Liquore All'Uovo,4.99,Eurospin
Distillato Di Pere Williams 40% Vol 700 Ml,9.99,Eurospin
Grappa Trentina 42% Vol 700 Ml,5.99,Eurospin
Banane,1.49,Eurospin
Pascoli Italiani Latte Intero,1.19,Eurospin
Dolciando Tiramisu Fresco Biologico,2.99,Eurospin
Maionese Biologica Tubo,1.19,Eurospin
Gallette Di Grano Saracen,1.19,Eurospin
Puertosol Nettare Di Melagrana,1.49,Eurospin
Enkho Aspirapolvere Portatile A Batteria 20 V,49.99,Eurospin
Enkho Idropulitrice Ad Alta Pressione 2100 W,99.99,Eurospin
Enkho Set 5 Sacchetti 20 L Per Bidone,5.99,Eurospin
Enkho Bidone Aspiraliquidi E Solidi 1250 W,49.99,Eurospin
Carrello Da Officina,139.99,Eurospin
Carrello/seduta Da Lavoro 2 In 1,39.99,Eurospin
Enkho Compressore Portatile 1100 W,59.99,Eurospin
Lampada Lavoro E Camping Led 10 Watt Ricaricabile,24.99,Eurospin
Salviette Pulizia Auto Good Year,1.99,Eurospin
Keiros Kit 4 Panni In Microfibra,1.99,Eurospin
Gigi Profumatore Per Auto,2.99,Eurospin
Keiros Adblue 5 L,9.99,Eurospin
Seggiolino Planet Isofix,99.99,Eurospin
Baby Bell Dispositivo Antiabbandono Per Seggiolino Auto,29.99,Eurospin
Keiros Seduta Antibatterica Per Sedile Auto,22.99,Eurospin
Keiros Coprisedile Sportivo,7.99,Eurospin
Keiros Coprisedile Magnetico,6.99,Eurospin
Keiros Supporto Auto Per Bocchetta Dell'aria,4.99,Eurospin
Keiros Accessori Organizer Auto,3.49,Eurospin
Keiros Set 4 Tappetini Auto,11.99,Eurospin
Keiros Set 4 Pezzi Tappeti Auto In Moquette,5.99,Eurospin
Keiros Tappeto Per Bagagliaio,6.99,Eurospin
Keiros Coprivolante,5.99,Eurospin
Osram Kit Di Riparazione Pneumatici Forati,39.99,Eurospin
Keiros Cric Idraulico Per Auto,29.99,Eurospin
Enkho Friggitrice Ad Ari,29.99,Eurospin
Keiros Set 2 Cavalletti Pieghevoli,16.99,Eurospin
Enkho Vaporiera 9 L,29.99,Eurospin
Enkho Frullatore A Immersione,24.99,Eurospin
Stampi Da Forno,6.99,Eurospin
Termozeta Tritatutto Trito IO,14.99,Eurospin
Pasabahce Set 4 Bicchieri In Vetro Riciclato,4.99,Eurospin
Forbici Multiuso 21 Cm,7.99,Eurospin
Casseruola 2 Manici 24cm,14.99,Eurospin
Casseruola 1 Manico 16cm,9.99,Eurospin
Padella 30cm,14.99,Eurospin
Padella 26cm,11.99,Eurospin
Smartwatch Easy 3,19.99,Eurospin
Innoliving Diffusore Aroma Ad Ultrasuoni,16.99,Eurospin
"New majestic 5,5 Senior Smartphone Con Ampio Display",69.99,Eurospin
Pinza Raccogli Oggetti,6.99,Eurospin
Ardes Misurapressione Digitale Automatico Da Braccio,19.99,Eurospin
Vicino Ate Traversa Impermeabile Singola,12.99,Eurospin
Es Sport Pedaliera Fitness,24.99,Eurospin
Sgabello Da Bagno,26.99,Eurospin
Thermo Benessere Cerotti,3.99,Eurospin
Cuscino Per Gambe,9.99,Eurospin
ES Sport Supporto Per Gomito/ Supporto Per Caviglia/ Supporto Per Polso,1.99,Eurospin
Supporto Per Ginocchio,2.99,Eurospin
SFB Sacco Da Boxe,199.99,Eurospin
Trampolino TCM Con Maniglie,99.99,Eurospin
Bici Indoor JK527,349.99,Eurospin
Aurora Camminatore Magnetico,199.99,Eurospin
Tapis Roulant A Motore MF201,449.99,Eurospin
"Manubrio Da 0,5/3/4/5 Kg",0.99,Eurospin
Armadio Spogliatoio 2 Scomparti,69.99,Eurospin
Valigetta Pesi 15/20 Kg,59.99,Eurospin
Supporto Per Flessioni Ruotabile Dual,9.99,Eurospin
Corde Per Trazione TRX Suspension Trainer,39.99,Eurospin
Panca Per Addominali,39.99,Eurospin
Matterassino Fitness,17.99,Eurospin
Beurer Pallina Per Massaggio MG0,14.99,Eurospin
Lady Fitness Kit,29.99,Eurospin
Beurer Rullo Massaggiante MG35,39.99,Eurospin
Beurer Dispositivo Tens Per Ginocchia E Gomiti EM29,39.99,Eurospin
Beurer Coppia Di Amplificatori Acustici HA60,79.99,Eurospin
Beurer Amplificatore Acustico Singolo HA 50,29.99,Eurospin
Medisana Pulsossimetro PM 100 Connect,49.99,Eurospin
Candy Forno Statico Ventilato FCP502N/ E/1,169.99,Eurospin
Candy Congelatore Orizzontale 145 L,169.99,Eurospin
Arance,0.79,Eurospin
Tre Mulini Lasagne Al Ragu,2.99,Eurospin
"2 Bobine Professionali, 2 Veli, 800 Strappi",6.99,Eurospin
Mambo kids Patatine Gusto Paprika,0.89,Eurospin
Pentola A Pressione 7 L,24.99,Eurospin
Enkho Macchina Per Il Pane,64.99,Eurospin
